<?xml version="1.0" encoding="UTF-8"?>
<project-private xmlns="http://www.netbeans.org/ns/project-private/1">
    <editor-bookmarks xmlns="http://www.netbeans.org/ns/editor-bookmarks/2" lastBookmarkId="0"/>
    <open-files xmlns="http://www.netbeans.org/ns/projectui-open-files/2">
        <group>
            <file>file:/H:/private/SubmissionSystem/src/submissionsystem/EnrollCourse.java</file>
            <file>file:/H:/private/SubmissionSystem/src/submissionsystem/SendAssignment.java</file>
            <file>file:/H:/private/SubmissionSystem/src/submissionsystem/StudentMain.java</file>
            <file>file:/H:/private/SubmissionSystem/src/submissionsystem/loginFrame.java</file>
            <file>file:/H:/private/SubmissionSystem/src/submissionsystem/Server.java</file>
            <file>file:/H:/private/SubmissionSystem/src/submissionsystem/ServerSys.java</file>
            <file>file:/H:/private/SubmissionSystem/src/submissionsystem/Client.java</file>
        </group>
    </open-files>
</project-private>
